Model,Accuracy,AUC
ResNet50,0.99921875,0.99998779296875
StrongCNN,0.9015625,0.9625439453125001
